P.T. LEE CHENGALVARAYA NAICKER COLLEGE OF ENGINEERING & TECHNOLOGY (P.T. LEE CNCET),,,,,
"Affiliated to Anna University, Chennai | Approved by AICTE | Counselling Code: 1226 | Oovery, Kanchipuram",,,,,
,,,,,
Rule ID,Category,Policy Parameter,Standard Regulation / Clause (Anna University Affiliated),Exceptions / Exemption Rules,RAG Search Keywords
INST-01,Institution Details,College Identification & Accreditation,"P.T. Lee Chengalvaraya Naicker College of Engineering & Technology (TNEA Code: 1226). Established in 2001 under P.T. Lee Chengalvaraya Naicker Trust (Est. 1874). Affiliated to Anna University, Chennai; Approved by AICTE, New Delhi.","Address: Vallal P.T. Lee Chengalvaraya Naicker Nagar, Oovery, Veliyur Post, Kanchipuram - 631502. Contact: 044-29814031 / principal@ptleecncet.com.","institution code, counselling code 1226, trust, anna university affiliation, location, contact"
REG-01,Program Duration,Degree Duration & Limits,B.E. / B.Tech: 4 Academic Years (8 Semesters) under Anna University CBCS Regulations (R2021/R2025).,Maximum time allowed to complete degree requirements is 14 consecutive semesters (7 years) for regular students and 12 semesters (6 years) for lateral entry.,"duration, max time, semesters, graduation limit, lateral entry"
REG-02,Credit Framework,Curriculum Credit Requirements,Total credits required for award of B.Tech / B.E. degree ranges between 160 – 165 credits across 8 semesters as prescribed by Anna University syllabus.,Minimum 20 credits per semester average. Students can take additional professional electives or online NPTEL/SWAYAM courses for credit transfer (up to 3 credits).,"total credits, credit framework, degree credits, nptel swaym credit transfer"
REG-03,Passing Criteria,Minimum Passing Marks,"A candidate shall be declared to have passed an examination in a course if they obtain a minimum of 50% marks in aggregate (Internal Assessment + End Semester Examination combined), with a minimum of 45% marks in End Semester Examination.",Failing either aggregate or end-sem minimum results in 'RA' (Re-Appearance). Student must re-register and reappear for end-semester exam.,"pass mark, passing criteria, 50 percent aggregate, 45 percent end sem, RA grade, arrear"
REG-04,Attendance Rules,Mandatory Attendance Threshold,"Minimum 75% overall attendance is mandatory in each semester across all theory, practical, and blended courses to appear in Anna University End-Semester Examinations.",Attendance between 65% and 74% may be condoned on valid medical grounds with medical certificate and condonation fee approval. Below 65% results in 'SA' (Shortage of Attendance - Prevention/Detention).,"attendance rule, 75 percent, condonation 65 percent, medical leave, attendance shortage, SA grade, detention"
REG-05,Promotion Policy,Semester Progression & Backlogs,"Students are promoted to higher semesters irrespective of backlog arrears, provided they satisfy the minimum attendance requirement (>=75%).",A student who is prevented ('SA') due to lack of attendance must repeat the semester in the subsequent academic year.,"promotion rules, backlog policy, detention, year repeat, attendance prevention"
REG-06,Grading Scale,Letter Grade & Grade Point System,"10-point letter grading system: O (10), A+ (9), A (8), B+ (7), B (6), C (5), RA (0 - Reappear), SA (0 - Shortage of Attendance), W (0 - Withdrawal).",Grade 'C' (5.0 GP) is the lowest passing grade. Grades 'RA' and 'SA' carry 0 grade points and require cleared arrear exams.,"grading system, letter grade, anna university grades, grade point, ra, sa"
REG-07,Scholarship & Incentives,Trust & Academic Cash Awards,"P.T. Lee Chengalvaraya Naicker Trust distributes Rs. 2+ Crores Trust Scholarship per annum. Special Cash Prize of Rs. 3,000 is awarded to students who pass all subjects in all semesters without arrears in an academic year.","Additional scholarships include Dr. M. Viswanathan - Pavai Endowment Fund Scholarship, First Graduate Scholarship, and Post-Matric Government Scholarships.","scholarship, trust cash award 3000, pavai endowment, free hostel, financial aid"
REG-08,Hostel & Transport Rules,Accommodation & Commute Policies,"Free hostel accommodation is provided for boys and girls inside the campus with mess charges subsidized at Rs. 90/day. Fleet of GPS-enabled college buses operates across Kanchipuram, Arakkonam, Arcot, Tiruttani, Ranipet, and Vellore.",Hostel entry deadline is 6:30 PM. Day-scholar students must carry valid bus passes issued by college transport office.,"hostel rules, free hostel, mess bill 90 rupees, college bus routes, transport facility"
